px,all
1.0000,0.0640
1.0000,0.0640
1.0000,0.0640
1.0000,0.0640
1.0000,0.0640
1.0000,0.0641
1.0000,0.0641
1.0000,0.0641
1.0000,0.0641
1.0000,0.0641
1.0000,0.0641
1.0000,0.0642
1.0000,0.0642
1.0000,0.0642
1.0000,0.0642
1.0000,0.0642
1.0000,0.0642
1.0000,0.0643
1.0000,0.0643
1.0000,0.0643
1.0000,0.0643
1.0000,0.0643
1.0000,0.0643
1.0000,0.0644
1.0000,0.0644
1.0000,0.0644
1.0000,0.0644
1.0000,0.0644
1.0000,0.0644
1.0000,0.0645
1.0000,0.0645
1.0000,0.0645
1.0000,0.0645
1.0000,0.0645
1.0000,0.0645
1.0000,0.0646
1.0000,0.0646
1.0000,0.0646
1.0000,0.0646
1.0000,0.0646
1.0000,0.0646
1.0000,0.0647
1.0000,0.0647
1.0000,0.0647
1.0000,0.0647
1.0000,0.0647
1.0000,0.0647
1.0000,0.0648
1.0000,0.0648
1.0000,0.0648
1.0000,0.0648
1.0000,0.0648
1.0000,0.0648
1.0000,0.0649
1.0000,0.0649
1.0000,0.0649
1.0000,0.0649
1.0000,0.0649
1.0000,0.0649
1.0000,0.0650
1.0000,0.0650
1.0000,0.0650
1.0000,0.0650
1.0000,0.0650
1.0000,0.0650
1.0000,0.0651
1.0000,0.0651
1.0000,0.0651
1.0000,0.0651
1.0000,0.0651
1.0000,0.0651
1.0000,0.0652
1.0000,0.0652
1.0000,0.0652
1.0000,0.0652
1.0000,0.0652
1.0000,0.0652
1.0000,0.0653
1.0000,0.0653
1.0000,0.0653
1.0000,0.0653
1.0000,0.0653
1.0000,0.0653
1.0000,0.0654
1.0000,0.0654
1.0000,0.0654
1.0000,0.0654
1.0000,0.0654
1.0000,0.0654
1.0000,0.0655
1.0000,0.0655
1.0000,0.0655
1.0000,0.0655
1.0000,0.0655
1.0000,0.0656
1.0000,0.0656
1.0000,0.0656
1.0000,0.0656
1.0000,0.0656
1.0000,0.0656
1.0000,0.0657
1.0000,0.0657
1.0000,0.0657
1.0000,0.0657
1.0000,0.0657
1.0000,0.0657
1.0000,0.0658
1.0000,0.0658
1.0000,0.0658
1.0000,0.0658
1.0000,0.0658
1.0000,0.0658
1.0000,0.0659
1.0000,0.0659
1.0000,0.0659
1.0000,0.0659
1.0000,0.0659
1.0000,0.0659
1.0000,0.0660
1.0000,0.0660
1.0000,0.0660
1.0000,0.0660
1.0000,0.0660
1.0000,0.0661
1.0000,0.0661
1.0000,0.0661
1.0000,0.0661
1.0000,0.0661
1.0000,0.0661
1.0000,0.0662
1.0000,0.0662
1.0000,0.0662
1.0000,0.0662
1.0000,0.0662
1.0000,0.0662
1.0000,0.0663
1.0000,0.0663
1.0000,0.0663
1.0000,0.0663
1.0000,0.0663
1.0000,0.0663
1.0000,0.0664
1.0000,0.0664
1.0000,0.0664
1.0000,0.0664
1.0000,0.0664
1.0000,0.0665
1.0000,0.0665
1.0000,0.0665
1.0000,0.0665
1.0000,0.0665
1.0000,0.0665
1.0000,0.0666
1.0000,0.0666
1.0000,0.0666
1.0000,0.0666
1.0000,0.0666
1.0000,0.0666
1.0000,0.0667
1.0000,0.0667
1.0000,0.0667
1.0000,0.0667
1.0000,0.0667
1.0000,0.0668
1.0000,0.0668
1.0000,0.0668
1.0000,0.0668
1.0000,0.0668
1.0000,0.0668
1.0000,0.0669
1.0000,0.0669
1.0000,0.0669
1.0000,0.0669
1.0000,0.0669
1.0000,0.0670
1.0000,0.0670
1.0000,0.0670
1.0000,0.0670
1.0000,0.0670
1.0000,0.0670
1.0000,0.0671
1.0000,0.0671
1.0000,0.0671
1.0000,0.0671
1.0000,0.0671
1.0000,0.0671
1.0000,0.0672
1.0000,0.0672
1.0000,0.0672
1.0000,0.0672
1.0000,0.0672
1.0000,0.0673
1.0000,0.0673
1.0000,0.0673
1.0000,0.0673
1.0000,0.0673
1.0000,0.0673
1.0000,0.0674
1.0000,0.0674
1.0000,0.0674
1.0000,0.0674
1.0000,0.0674
1.0000,0.0675
1.0000,0.0675
1.0000,0.0675
1.0000,0.0675
1.0000,0.0675
1.0000,0.0675
1.0000,0.0676
1.0000,0.0676
1.0000,0.0676
1.0000,0.0676
1.0000,0.0676
1.0000,0.0677
1.0000,0.0677
1.0000,0.0677
1.0000,0.0677
1.0000,0.0677
1.0000,0.0677
1.0000,0.0678
1.0000,0.0678
1.0000,0.0678
1.0000,0.0678
1.0000,0.0678
1.0000,0.0679
1.0000,0.0679
1.0000,0.0679
1.0000,0.0679
1.0000,0.0679
1.0000,0.0679
1.0000,0.0680
1.0000,0.0680
1.0000,0.0680
1.0000,0.0680
1.0000,0.0680
1.0000,0.0681
1.0000,0.0681
1.0000,0.0681
1.0000,0.0681
1.0000,0.0681
1.0000,0.0682
1.0000,0.0682
1.0000,0.0682
1.0000,0.0682
1.0000,0.0682
1.0000,0.0682
1.0000,0.0683
1.0000,0.0683
1.0000,0.0683
1.0000,0.0683
1.0000,0.0683
1.0000,0.0684
1.0000,0.0684
1.0000,0.0684
1.0000,0.0684
1.0000,0.0684
1.0000,0.0684
1.0000,0.0685
1.0000,0.0685
1.0000,0.0685
1.0000,0.0685
1.0000,0.0685
1.0000,0.0686
1.0000,0.0686
1.0000,0.0686
1.0000,0.0686
1.0000,0.0686
1.0000,0.0687
1.0000,0.0687
1.0000,0.0687
1.0000,0.0687
1.0000,0.0687
1.0000,0.0687
1.0000,0.0688
1.0000,0.0688
1.0000,0.0688
1.0000,0.0688
1.0000,0.0688
1.0000,0.0689
1.0000,0.0689
1.0000,0.0689
1.0000,0.0689
1.0000,0.0689
1.0000,0.0690
1.0000,0.0690
1.0000,0.0690
1.0000,0.0690
1.0000,0.0690
1.0000,0.0691
1.0000,0.0691
1.0000,0.0691
1.0000,0.0691
1.0000,0.0691
1.0000,0.0691
1.0000,0.0692
1.0000,0.0692
1.0000,0.0692
1.0000,0.0692
1.0000,0.0692
1.0000,0.0693
1.0000,0.0693
1.0000,0.0693
1.0000,0.0693
1.0000,0.0693
1.0000,0.0694
1.0000,0.0694
1.0000,0.0694
1.0000,0.0694
1.0000,0.0694
1.0000,0.0695
1.0000,0.0695
1.0000,0.0695
1.0000,0.0695
1.0000,0.0695
1.0000,0.0695
1.0000,0.0696
1.0000,0.0696
1.0000,0.0696
1.0000,0.0696
1.0000,0.0696
1.0000,0.0697
1.0000,0.0697
1.0000,0.0697
1.0000,0.0697
1.0000,0.0697
1.0000,0.0698
1.0000,0.0698
1.0000,0.0698
1.0000,0.0698
1.0000,0.0698
1.0000,0.0699
1.0000,0.0699
1.0000,0.0699
1.0000,0.0699
1.0000,0.0699
1.0000,0.0700
1.0000,0.0700
1.0000,0.0700
1.0000,0.0700
1.0000,0.0700
1.0000,0.0701
1.0000,0.0701
1.0000,0.0701
1.0000,0.0701
1.0000,0.0701
1.0000,0.0702
1.0000,0.0702
1.0000,0.0702
1.0000,0.0702
1.0000,0.0702
1.0000,0.0702
1.0000,0.0703
1.0000,0.0703
1.0000,0.0703
1.0000,0.0703
1.0000,0.0703
1.0000,0.0704
1.0000,0.0704
1.0000,0.0704
1.0000,0.0704
1.0000,0.0704
1.0000,0.0705
1.0000,0.0705
1.0000,0.0705
1.0000,0.0705
1.0000,0.0705
1.0000,0.0706
1.0000,0.0706
1.0000,0.0706
1.0000,0.0706
1.0000,0.0706
1.0000,0.0707
1.0000,0.0707
1.0000,0.0707
1.0000,0.0707
1.0000,0.0707
1.0000,0.0708
1.0000,0.0708
1.0000,0.0708
1.0000,0.0708
1.0000,0.0708
1.0000,0.0709
1.0000,0.0709
1.0000,0.0709
1.0000,0.0709
1.0000,0.0709
1.0000,0.0710
1.0000,0.0710
1.0000,0.0710
1.0000,0.0710
1.0000,0.0710
1.0000,0.0711
1.0000,0.0711
1.0000,0.0711
1.0000,0.0711
1.0000,0.0711
0.9960,0.0709
0.9960,0.0709
0.9960,0.0709
0.9960,0.0709
0.9960,0.0710
0.9960,0.0710
0.9960,0.0710
0.9960,0.0710
0.9960,0.0710
0.9960,0.0711
0.9960,0.0711
0.9960,0.0711
0.9960,0.0711
0.9960,0.0711
0.9960,0.0712
0.9960,0.0712
0.9960,0.0712
0.9960,0.0712
0.9960,0.0712
0.9960,0.0713
0.9960,0.0713
0.9960,0.0713
0.9960,0.0713
0.9960,0.0713
0.9960,0.0714
0.9960,0.0714
0.9960,0.0714
0.9960,0.0714
0.9960,0.0714
0.9960,0.0715
0.9960,0.0715
0.9960,0.0715
0.9960,0.0715
0.9960,0.0716
0.9960,0.0716
0.9960,0.0716
0.9960,0.0716
0.9960,0.0716
0.9960,0.0717
0.9960,0.0717
0.9960,0.0717
0.9960,0.0717
0.9960,0.0717
0.9960,0.0718
0.9960,0.0718
0.9960,0.0718
0.9960,0.0718
0.9960,0.0718
0.9960,0.0719
0.9960,0.0719
0.9960,0.0719
0.9960,0.0719
0.9960,0.0719
0.9960,0.0720
0.9960,0.0720
0.9960,0.0720
0.9960,0.0720
0.9960,0.0720
0.9960,0.0721
0.9960,0.0721
0.9960,0.0721
0.9960,0.0721
0.9960,0.0722
0.9960,0.0722
0.9960,0.0722
0.9960,0.0722
0.9960,0.0722
0.9960,0.0723
0.9960,0.0723
0.9960,0.0723
0.9960,0.0723
0.9960,0.0723
0.9960,0.0724
0.9960,0.0724
0.9960,0.0724
0.9960,0.0724
0.9960,0.0724
0.9960,0.0725
0.9960,0.0725
0.9960,0.0725
0.9960,0.0725
0.9960,0.0726
0.9960,0.0726
0.9960,0.0726
0.9960,0.0726
0.9960,0.0727
0.9960,0.0727
0.9960,0.0727
0.9960,0.0727
0.9960,0.0727
0.9960,0.0728
0.9960,0.0728
0.9960,0.0728
0.9960,0.0728
0.9960,0.0728
0.9960,0.0729
0.9960,0.0729
0.9960,0.0729
0.9960,0.0729
0.9960,0.0730
0.9960,0.0730
0.9960,0.0730
0.9960,0.0730
0.9960,0.0730
0.9960,0.0731
0.9960,0.0731
0.9960,0.0731
0.9960,0.0731
0.9960,0.0731
0.9960,0.0732
0.9960,0.0732
0.9960,0.0732
0.9960,0.0732
0.9960,0.0732
0.9960,0.0733
0.9960,0.0733
0.9960,0.0733
0.9960,0.0733
0.9960,0.0734
0.9960,0.0734
0.9960,0.0734
0.9960,0.0734
0.9960,0.0734
0.9960,0.0735
0.9960,0.0735
0.9960,0.0735
0.9960,0.0735
0.9960,0.0736
0.9960,0.0736
0.9960,0.0736
0.9960,0.0736
0.9960,0.0736
0.9960,0.0737
0.9960,0.0737
0.9960,0.0737
0.9960,0.0737
0.9960,0.0737
0.9960,0.0738
0.9960,0.0738
0.9960,0.0738
0.9960,0.0738
0.9960,0.0739
0.9960,0.0739
0.9960,0.0739
0.9960,0.0739
0.9960,0.0739
0.9960,0.0740
0.9960,0.0740
0.9960,0.0740
0.9960,0.0740
0.9960,0.0741
0.9960,0.0741
0.9960,0.0741
0.9960,0.0741
0.9960,0.0741
0.9960,0.0742
0.9960,0.0742
0.9960,0.0742
0.9960,0.0742
0.9960,0.0743
0.9960,0.0743
0.9960,0.0743
0.9960,0.0743
0.9960,0.0743
0.9960,0.0744
0.9960,0.0744
0.9960,0.0744
0.9960,0.0744
0.9960,0.0744
0.9960,0.0745
0.9960,0.0745
0.9960,0.0745
0.9960,0.0745
0.9960,0.0746
0.9960,0.0746
0.9960,0.0746
0.9960,0.0746
0.9960,0.0746
0.9960,0.0747
0.9960,0.0747
0.9960,0.0747
0.9960,0.0747
0.9960,0.0748
0.9960,0.0748
0.9960,0.0748
0.9960,0.0748
0.9960,0.0749
0.9960,0.0749
0.9960,0.0749
0.9960,0.0749
0.9960,0.0749
0.9960,0.0750
0.9960,0.0750
0.9960,0.0750
0.9960,0.0750
0.9960,0.0751
0.9960,0.0751
0.9960,0.0751
0.9960,0.0751
0.9920,0.0748
0.9920,0.0749
0.9920,0.0749
0.9920,0.0749
0.9920,0.0749
0.9920,0.0750
0.9920,0.0750
0.9920,0.0750
0.9920,0.0750
0.9920,0.0750
0.9920,0.0751
0.9920,0.0751
0.9920,0.0751
0.9920,0.0751
0.9920,0.0752
0.9920,0.0752
0.9920,0.0752
0.9920,0.0752
0.9920,0.0752
0.9920,0.0753
0.9920,0.0753
0.9920,0.0753
0.9880,0.0750
0.9880,0.0751
0.9880,0.0751
0.9880,0.0751
0.9880,0.0751
0.9880,0.0752
0.9880,0.0752
0.9880,0.0752
0.9880,0.0752
0.9880,0.0752
0.9880,0.0753
0.9880,0.0753
0.9880,0.0753
0.9880,0.0753
0.9880,0.0754
0.9880,0.0754
0.9880,0.0754
0.9880,0.0754
0.9880,0.0754
0.9880,0.0755
0.9880,0.0755
0.9880,0.0755
0.9880,0.0755
0.9880,0.0756
0.9880,0.0756
0.9880,0.0756
0.9880,0.0756
0.9880,0.0757
0.9880,0.0757
0.9880,0.0757
0.9880,0.0757
0.9880,0.0757
0.9880,0.0758
0.9880,0.0758
0.9880,0.0758
0.9880,0.0758
0.9880,0.0759
0.9880,0.0759
0.9880,0.0759
0.9880,0.0759
0.9880,0.0760
0.9880,0.0760
0.9880,0.0760
0.9880,0.0760
0.9880,0.0761
0.9880,0.0761
0.9880,0.0761
0.9880,0.0761
0.9880,0.0761
0.9880,0.0762
0.9880,0.0762
0.9880,0.0762
0.9880,0.0762
0.9880,0.0763
0.9880,0.0763
0.9880,0.0763
0.9880,0.0763
0.9880,0.0764
0.9880,0.0764
0.9880,0.0764
0.9880,0.0764
0.9880,0.0764
0.9880,0.0765
0.9880,0.0765
0.9880,0.0765
0.9880,0.0765
0.9880,0.0766
0.9880,0.0766
0.9880,0.0766
0.9880,0.0766
0.9880,0.0767
0.9880,0.0767
0.9880,0.0767
0.9880,0.0767
0.9880,0.0768
0.9880,0.0768
0.9880,0.0768
0.9880,0.0768
0.9880,0.0769
0.9880,0.0769
0.9880,0.0769
0.9880,0.0769
0.9880,0.0769
0.9880,0.0770
0.9880,0.0770
0.9880,0.0770
0.9880,0.0770
0.9880,0.0771
0.9880,0.0771
0.9880,0.0771
0.9880,0.0771
0.9880,0.0772
0.9880,0.0772
0.9880,0.0772
0.9880,0.0772
0.9880,0.0773
0.9880,0.0773
0.9880,0.0773
0.9880,0.0773
0.9880,0.0774
0.9880,0.0774
0.9880,0.0774
0.9880,0.0774
0.9880,0.0775
0.9880,0.0775
0.9880,0.0775
0.9880,0.0775
0.9880,0.0775
0.9880,0.0776
0.9880,0.0776
0.9880,0.0776
0.9880,0.0776
0.9880,0.0777
0.9880,0.0777
0.9880,0.0777
0.9880,0.0777
0.9880,0.0778
0.9880,0.0778
0.9880,0.0778
0.9880,0.0778
0.9880,0.0779
0.9880,0.0779
0.9880,0.0779
0.9880,0.0779
0.9880,0.0780
0.9880,0.0780
0.9880,0.0780
0.9880,0.0780
0.9880,0.0781
0.9880,0.0781
0.9880,0.0781
0.9880,0.0781
0.9880,0.0782
0.9880,0.0782
0.9880,0.0782
0.9880,0.0782
0.9880,0.0783
0.9880,0.0783
0.9880,0.0783
0.9880,0.0783
0.9880,0.0784
0.9880,0.0784
0.9880,0.0784
0.9880,0.0784
0.9880,0.0785
0.9880,0.0785
0.9880,0.0785
0.9880,0.0785
0.9880,0.0786
0.9880,0.0786
0.9880,0.0786
0.9880,0.0786
0.9880,0.0787
0.9880,0.0787
0.9880,0.0787
0.9880,0.0787
0.9880,0.0788
0.9880,0.0788
0.9880,0.0788
0.9880,0.0788
0.9880,0.0789
0.9880,0.0789
0.9880,0.0789
0.9880,0.0789
0.9880,0.0790
0.9880,0.0790
0.9880,0.0790
0.9880,0.0790
0.9880,0.0791
0.9880,0.0791
0.9880,0.0791
0.9880,0.0791
0.9880,0.0792
0.9880,0.0792
0.9880,0.0792
0.9880,0.0792
0.9880,0.0793
0.9880,0.0793
0.9880,0.0793
0.9880,0.0793
0.9880,0.0794
0.9880,0.0794
0.9880,0.0794
0.9880,0.0794
0.9880,0.0795
0.9880,0.0795
0.9880,0.0795
0.9880,0.0795
0.9880,0.0796
0.9880,0.0796
0.9880,0.0796
0.9880,0.0796
0.9880,0.0797
0.9880,0.0797
0.9880,0.0797
0.9880,0.0797
0.9880,0.0798
0.9880,0.0798
0.9880,0.0798
0.9880,0.0798
0.9880,0.0799
0.9880,0.0799
0.9880,0.0799
0.9880,0.0799
0.9880,0.0800
0.9880,0.0800
0.9880,0.0800
0.9880,0.0801
0.9880,0.0801
0.9880,0.0801
0.9880,0.0801
0.9880,0.0802
0.9880,0.0802
0.9880,0.0802
0.9880,0.0802
0.9880,0.0803
0.9880,0.0803
0.9880,0.0803
0.9880,0.0803
0.9880,0.0804
0.9880,0.0804
0.9880,0.0804
0.9880,0.0804
0.9880,0.0805
0.9880,0.0805
0.9880,0.0805
0.9880,0.0805
0.9880,0.0806
0.9880,0.0806
0.9880,0.0806
0.9880,0.0807
0.9880,0.0807
0.9880,0.0807
0.9880,0.0807
0.9880,0.0808
0.9880,0.0808
0.9880,0.0808
0.9880,0.0808
0.9880,0.0809
0.9880,0.0809
0.9880,0.0809
0.9880,0.0809
0.9880,0.0810
0.9880,0.0810
0.9880,0.0810
0.9880,0.0810
0.9880,0.0811
0.9880,0.0811
0.9880,0.0811
0.9880,0.0812
0.9880,0.0812
0.9880,0.0812
0.9880,0.0812
0.9880,0.0813
0.9880,0.0813
0.9880,0.0813
0.9880,0.0813
0.9880,0.0814
0.9880,0.0814
0.9880,0.0814
0.9880,0.0814
0.9880,0.0815
0.9880,0.0815
0.9880,0.0815
0.9880,0.0816
0.9880,0.0816
0.9880,0.0816
0.9880,0.0816
0.9880,0.0817
0.9880,0.0817
0.9880,0.0817
0.9880,0.0817
0.9880,0.0818
0.9880,0.0818
0.9880,0.0818
0.9880,0.0818
0.9880,0.0819
0.9880,0.0819
0.9880,0.0819
0.9880,0.0820
0.9880,0.0820
0.9880,0.0820
0.9880,0.0820
0.9880,0.0821
0.9880,0.0821
0.9880,0.0821
0.9880,0.0821
0.9880,0.0822
0.9880,0.0822
0.9880,0.0822
0.9880,0.0823
0.9880,0.0823
0.9880,0.0823
0.9880,0.0823
0.9880,0.0824
0.9880,0.0824
0.9880,0.0824
0.9880,0.0824
0.9880,0.0825
0.9880,0.0825
0.9880,0.0825
0.9880,0.0826
0.9880,0.0826
0.9880,0.0826
0.9880,0.0826
0.9880,0.0827
0.9880,0.0827
0.9880,0.0827
0.9880,0.0827
0.9880,0.0828
0.9880,0.0828
0.9880,0.0828
0.9880,0.0829
0.9880,0.0829
0.9880,0.0829
0.9880,0.0829
0.9880,0.0830
0.9880,0.0830
0.9880,0.0830
0.9880,0.0831
0.9880,0.0831
0.9880,0.0831
0.9880,0.0831
0.9880,0.0832
0.9880,0.0832
0.9880,0.0832
0.9880,0.0832
0.9880,0.0833
0.9880,0.0833
0.9880,0.0833
0.9880,0.0834
0.9880,0.0834
0.9880,0.0834
0.9880,0.0834
0.9880,0.0835
0.9880,0.0835
0.9880,0.0835
0.9880,0.0836
0.9880,0.0836
0.9880,0.0836
0.9880,0.0836
0.9880,0.0837
0.9880,0.0837
0.9880,0.0837
0.9880,0.0838
0.9880,0.0838
0.9880,0.0838
0.9880,0.0838
0.9880,0.0839
0.9880,0.0839
0.9880,0.0839
0.9880,0.0840
0.9880,0.0840
0.9880,0.0840
0.9880,0.0840
0.9880,0.0841
0.9880,0.0841
0.9880,0.0841
0.9880,0.0842
0.9880,0.0842
0.9880,0.0842
0.9880,0.0842
0.9880,0.0843
0.9880,0.0843
0.9880,0.0843
0.9880,0.0844
0.9880,0.0844
0.9880,0.0844
0.9880,0.0844
0.9880,0.0845
0.9880,0.0845
0.9880,0.0845
0.9880,0.0846
0.9880,0.0846
0.9880,0.0846
0.9880,0.0846
0.9880,0.0847
0.9880,0.0847
0.9880,0.0847
0.9880,0.0848
0.9880,0.0848
0.9880,0.0848
0.9880,0.0848
0.9880,0.0849
0.9880,0.0849
0.9880,0.0849
0.9880,0.0850
0.9880,0.0850
0.9880,0.0850
0.9880,0.0851
0.9880,0.0851
0.9880,0.0851
0.9880,0.0852
0.9880,0.0852
0.9880,0.0852
0.9880,0.0853
0.9880,0.0853
0.9880,0.0853
0.9880,0.0853
0.9880,0.0854
0.9880,0.0854
0.9880,0.0854
0.9880,0.0855
0.9880,0.0855
0.9880,0.0855
0.9880,0.0855
0.9880,0.0856
0.9880,0.0856
0.9880,0.0856
0.9880,0.0857
0.9880,0.0857
0.9880,0.0857
0.9880,0.0858
0.9880,0.0858
0.9880,0.0858
0.9880,0.0858
0.9880,0.0859
0.9880,0.0859
0.9880,0.0859
0.9880,0.0860
0.9880,0.0860
0.9880,0.0860
0.9880,0.0861
0.9880,0.0861
0.9880,0.0861
0.9880,0.0861
0.9880,0.0862
0.9880,0.0862
0.9880,0.0862
0.9880,0.0863
0.9880,0.0863
0.9880,0.0863
0.9880,0.0864
0.9880,0.0864
0.9880,0.0864
0.9880,0.0864
0.9880,0.0865
0.9880,0.0865
0.9880,0.0865
0.9880,0.0866
0.9880,0.0866
0.9880,0.0866
0.9880,0.0867
0.9880,0.0867
0.9880,0.0867
0.9880,0.0867
0.9880,0.0868
0.9880,0.0868
0.9880,0.0868
0.9880,0.0869
0.9880,0.0869
0.9880,0.0869
0.9880,0.0870
0.9880,0.0870
0.9880,0.0870
0.9880,0.0870
0.9880,0.0871
0.9880,0.0871
0.9880,0.0871
0.9880,0.0872
0.9880,0.0872
0.9880,0.0872
0.9880,0.0873
0.9880,0.0873
0.9880,0.0873
0.9880,0.0874
0.9880,0.0874
0.9880,0.0874
0.9880,0.0874
0.9880,0.0875
0.9880,0.0875
0.9880,0.0875
0.9880,0.0876
0.9880,0.0876
0.9880,0.0876
0.9880,0.0877
0.9880,0.0877
0.9880,0.0877
0.9880,0.0878
0.9880,0.0878
0.9880,0.0878
0.9880,0.0878
0.9880,0.0879
0.9880,0.0879
0.9880,0.0879
0.9880,0.0880
0.9880,0.0880
0.9880,0.0880
0.9880,0.0881
0.9880,0.0881
0.9880,0.0881
0.9880,0.0882
0.9880,0.0882
0.9880,0.0882
0.9880,0.0883
0.9880,0.0883
0.9880,0.0883
0.9880,0.0884
0.9880,0.0884
0.9880,0.0884
0.9880,0.0884
0.9880,0.0885
0.9880,0.0885
0.9880,0.0885
0.9880,0.0886
0.9880,0.0886
0.9880,0.0886
0.9880,0.0887
0.9880,0.0887
0.9880,0.0887
0.9880,0.0888
0.9880,0.0888
0.9880,0.0888
0.9880,0.0889
0.9880,0.0889
0.9880,0.0889
0.9880,0.0890
0.9880,0.0890
0.9880,0.0890
0.9880,0.0890
0.9880,0.0891
0.9880,0.0891
0.9880,0.0891
0.9880,0.0892
0.9880,0.0892
0.9880,0.0892
0.9880,0.0893
0.9880,0.0893
0.9880,0.0893
0.9880,0.0894
0.9880,0.0894
0.9880,0.0894
0.9880,0.0895
0.9880,0.0895
0.9880,0.0895
0.9880,0.0896
0.9880,0.0896
0.9880,0.0896
0.9880,0.0897
0.9880,0.0897
0.9880,0.0897
0.9880,0.0898
0.9880,0.0898
0.9880,0.0898
0.9880,0.0899
0.9880,0.0899
0.9880,0.0899
0.9880,0.0900
0.9880,0.0900
0.9880,0.0900
0.9880,0.0901
0.9880,0.0901
0.9880,0.0901
0.9880,0.0901
0.9880,0.0902
0.9880,0.0902
0.9880,0.0902
0.9880,0.0903
0.9880,0.0903
0.9880,0.0903
0.9880,0.0904
0.9880,0.0904
0.9880,0.0904
0.9880,0.0905
0.9880,0.0905
0.9880,0.0905
0.9880,0.0906
0.9880,0.0906
0.9880,0.0906
0.9880,0.0907
0.9880,0.0907
0.9880,0.0907
0.9880,0.0908
0.9880,0.0908
0.9880,0.0908
0.9880,0.0909
0.9880,0.0909
0.9880,0.0909
0.9880,0.0910
0.9880,0.0910
0.9880,0.0910
0.9880,0.0911
0.9880,0.0911
0.9880,0.0911
0.9880,0.0912
0.9880,0.0912
0.9880,0.0912
0.9880,0.0913
0.9880,0.0913
0.9880,0.0913
0.9880,0.0914
0.9880,0.0914
0.9880,0.0914
0.9880,0.0915
0.9880,0.0915
0.9880,0.0915
0.9880,0.0916
0.9880,0.0916
0.9880,0.0916
0.9880,0.0917
0.9880,0.0917
0.9880,0.0917
0.9880,0.0918
0.9880,0.0918
0.9880,0.0919
0.9880,0.0919
0.9880,0.0919
0.9880,0.0920
0.9880,0.0920
0.9880,0.0920
0.9880,0.0921
0.9880,0.0921
0.9880,0.0921
0.9880,0.0922
0.9880,0.0922
0.9880,0.0922
0.9880,0.0923
0.9880,0.0923
0.9880,0.0923
0.9880,0.0924
0.9880,0.0924
0.9880,0.0924
0.9880,0.0925
0.9880,0.0925
0.9880,0.0925
0.9880,0.0926
0.9880,0.0926
0.9880,0.0926
0.9880,0.0927
0.9880,0.0927
0.9880,0.0927
0.9880,0.0928
0.9880,0.0928
0.9880,0.0928
0.9880,0.0929
0.9880,0.0929
0.9880,0.0930
0.9880,0.0930
0.9880,0.0930
0.9880,0.0931
0.9880,0.0931
0.9880,0.0931
0.9880,0.0932
0.9880,0.0932
0.9880,0.0932
0.9880,0.0933
0.9880,0.0933
0.9880,0.0933
0.9880,0.0934
0.9880,0.0934
0.9880,0.0934
0.9880,0.0935
0.9880,0.0935
0.9880,0.0935
0.9880,0.0936
0.9880,0.0936
0.9880,0.0937
0.9880,0.0937
0.9880,0.0937
0.9880,0.0938
0.9880,0.0938
0.9880,0.0938
0.9880,0.0939
0.9880,0.0939
0.9880,0.0939
0.9880,0.0940
0.9880,0.0940
0.9880,0.0940
0.9880,0.0941
0.9880,0.0941
0.9880,0.0942
0.9880,0.0942
0.9880,0.0942
0.9880,0.0943
0.9880,0.0943
0.9880,0.0943
0.9880,0.0944
0.9880,0.0944
0.9880,0.0944
0.9880,0.0945
0.9880,0.0945
0.9880,0.0945
0.9880,0.0946
0.9880,0.0946
0.9880,0.0947
0.9880,0.0947
0.9880,0.0947
0.9880,0.0948
0.9880,0.0948
0.9880,0.0948
0.9880,0.0949
0.9880,0.0949
0.9880,0.0949
0.9880,0.0950
0.9880,0.0950
0.9880,0.0951
0.9880,0.0951
0.9880,0.0951
0.9880,0.0952
0.9880,0.0952
0.9880,0.0952
0.9880,0.0953
0.9880,0.0953
0.9880,0.0953
0.9880,0.0954
0.9880,0.0954
0.9880,0.0955
0.9880,0.0955
0.9880,0.0955
0.9880,0.0956
0.9880,0.0956
0.9880,0.0956
0.9880,0.0957
0.9880,0.0957
0.9880,0.0958
0.9880,0.0958
0.9880,0.0958
0.9880,0.0959
0.9880,0.0959
0.9880,0.0959
0.9880,0.0960
0.9880,0.0960
0.9880,0.0960
0.9880,0.0961
0.9880,0.0961
0.9880,0.0962
0.9880,0.0962
0.9880,0.0962
0.9880,0.0963
0.9880,0.0963
0.9880,0.0963
0.9880,0.0964
0.9880,0.0964
0.9880,0.0965
0.9880,0.0965
0.9880,0.0965
0.9880,0.0966
0.9880,0.0966
0.9880,0.0966
0.9880,0.0967
0.9880,0.0967
0.9880,0.0968
0.9880,0.0968
0.9880,0.0968
0.9880,0.0969
0.9880,0.0969
0.9880,0.0970
0.9880,0.0970
0.9880,0.0970
0.9880,0.0971
0.9880,0.0971
0.9880,0.0971
0.9880,0.0972
0.9880,0.0972
0.9880,0.0973
0.9880,0.0973
0.9880,0.0973
0.9880,0.0974
0.9880,0.0974
0.9880,0.0974
0.9880,0.0975
0.9880,0.0975
0.9880,0.0976
0.9880,0.0976
0.9880,0.0976
0.9880,0.0977
0.9880,0.0977
0.9880,0.0978
0.9880,0.0978
0.9880,0.0978
0.9880,0.0979
0.9880,0.0979
0.9880,0.0979
0.9880,0.0980
0.9880,0.0980
0.9880,0.0981
0.9880,0.0981
0.9880,0.0981
0.9880,0.0982
0.9880,0.0982
0.9880,0.0983
0.9880,0.0983
0.9880,0.0983
0.9880,0.0984
0.9880,0.0984
0.9880,0.0985
0.9880,0.0985
0.9880,0.0985
0.9880,0.0986
0.9880,0.0986
0.9880,0.0986
0.9880,0.0987
0.9880,0.0987
0.9880,0.0988
0.9880,0.0988
0.9880,0.0988
0.9880,0.0989
0.9880,0.0989
0.9880,0.0990
0.9880,0.0990
0.9880,0.0990
0.9880,0.0991
0.9880,0.0991
0.9880,0.0992
0.9880,0.0992
0.9880,0.0992
0.9880,0.0993
0.9880,0.0993
0.9880,0.0994
0.9880,0.0994
0.9880,0.0994
0.9880,0.0995
0.9880,0.0995
0.9880,0.0996
0.9880,0.0996
0.9880,0.0996
0.9880,0.0997
0.9880,0.0997
0.9880,0.0998
0.9880,0.0998
0.9880,0.0998
0.9880,0.0999
0.9880,0.0999
0.9880,0.1000
0.9880,0.1000
0.9880,0.1000
0.9880,0.1001
0.9880,0.1001
0.9880,0.1002
0.9880,0.1002
0.9880,0.1002
0.9880,0.1003
0.9880,0.1003
0.9880,0.1004
0.9880,0.1004
0.9880,0.1004
0.9880,0.1005
0.9880,0.1005
0.9880,0.1006
0.9880,0.1006
0.9880,0.1006
0.9880,0.1007
0.9880,0.1007
0.9880,0.1008
0.9880,0.1008
0.9880,0.1009
0.9880,0.1009
0.9880,0.1009
0.9880,0.1010
0.9880,0.1010
0.9880,0.1011
0.9880,0.1011
0.9880,0.1011
0.9880,0.1012
0.9880,0.1012
0.9880,0.1013
0.9880,0.1013
0.9880,0.1013
0.9880,0.1014
0.9880,0.1014
0.9880,0.1015
0.9880,0.1015
0.9880,0.1016
0.9880,0.1016
0.9880,0.1017
0.9880,0.1017
0.9880,0.1018
0.9880,0.1018
0.9880,0.1018
0.9880,0.1019
0.9880,0.1019
0.9880,0.1020
0.9880,0.1020
0.9880,0.1021
0.9880,0.1021
0.9880,0.1021
0.9880,0.1022
0.9880,0.1022
0.9880,0.1023
0.9880,0.1023
0.9880,0.1024
0.9880,0.1024
0.9880,0.1024
0.9880,0.1025
0.9880,0.1025
0.9880,0.1026
0.9880,0.1026
0.9880,0.1026
0.9880,0.1027
0.9880,0.1027
0.9880,0.1028
0.9880,0.1028
0.9880,0.1029
0.9880,0.1029
0.9880,0.1029
0.9880,0.1030
0.9880,0.1030
0.9880,0.1031
0.9880,0.1031
0.9880,0.1032
0.9880,0.1032
0.9880,0.1032
0.9880,0.1033
0.9880,0.1033
0.9880,0.1034
0.9880,0.1034
0.9880,0.1035
0.9880,0.1035
0.9880,0.1036
0.9880,0.1036
0.9880,0.1037
0.9880,0.1037
0.9880,0.1038
0.9880,0.1038
0.9880,0.1039
0.9880,0.1039
0.9880,0.1039
0.9880,0.1040
0.9880,0.1040
0.9880,0.1041
0.9880,0.1041
0.9880,0.1042
0.9880,0.1042
0.9880,0.1042
0.9880,0.1043
0.9880,0.1043
0.9880,0.1044
0.9880,0.1044
0.9880,0.1045
0.9880,0.1045
0.9880,0.1046
0.9880,0.1046
0.9880,0.1046
0.9880,0.1047
0.9880,0.1047
0.9880,0.1048
0.9880,0.1048
0.9880,0.1049
0.9880,0.1049
0.9880,0.1050
0.9880,0.1050
0.9880,0.1050
0.9880,0.1051
0.9880,0.1051
0.9880,0.1052
0.9880,0.1052
0.9880,0.1053
0.9880,0.1053
0.9880,0.1054
0.9880,0.1054
0.9880,0.1054
0.9880,0.1055
0.9880,0.1055
0.9880,0.1056
0.9880,0.1056
0.9880,0.1057
0.9880,0.1057
0.9880,0.1058
0.9880,0.1058
0.9880,0.1058
0.9880,0.1059
0.9880,0.1059
0.9880,0.1060
0.9880,0.1060
0.9880,0.1061
0.9880,0.1061
0.9880,0.1062
0.9880,0.1062
0.9880,0.1063
0.9880,0.1063
0.9880,0.1063
0.9880,0.1064
0.9880,0.1064
0.9880,0.1065
0.9880,0.1065
0.9880,0.1066
0.9880,0.1066
0.9880,0.1067
0.9880,0.1067
0.9880,0.1068
0.9880,0.1068
0.9880,0.1069
0.9880,0.1069
0.9880,0.1069
0.9880,0.1070
0.9880,0.1070
0.9880,0.1071
0.9880,0.1071
0.9880,0.1072
0.9880,0.1072
0.9880,0.1073
0.9880,0.1073
0.9880,0.1074
0.9880,0.1074
0.9880,0.1075
0.9880,0.1075
0.9880,0.1075
0.9880,0.1076
0.9880,0.1076
0.9880,0.1077
0.9880,0.1077
0.9880,0.1078
0.9880,0.1078
0.9880,0.1079
0.9880,0.1079
0.9880,0.1080
0.9880,0.1080
0.9880,0.1081
0.9880,0.1081
0.9880,0.1082
0.9880,0.1082
0.9880,0.1082
0.9880,0.1083
0.9880,0.1083
0.9880,0.1084
0.9880,0.1084
0.9880,0.1085
0.9880,0.1085
0.9880,0.1086
0.9880,0.1086
0.9880,0.1087
0.9880,0.1087
0.9880,0.1088
0.9880,0.1088
0.9880,0.1089
0.9880,0.1089
0.9880,0.1090
0.9880,0.1090
0.9880,0.1091
0.9880,0.1091
0.9880,0.1092
0.9880,0.1092
0.9880,0.1093
0.9880,0.1093
0.9880,0.1093
0.9880,0.1094
0.9880,0.1094
0.9880,0.1095
0.9880,0.1095
0.9880,0.1096
0.9880,0.1096
0.9880,0.1097
0.9880,0.1097
0.9880,0.1098
0.9880,0.1098
0.9880,0.1099
0.9880,0.1099
0.9880,0.1100
0.9880,0.1100
0.9880,0.1101
0.9880,0.1101
0.9880,0.1102
0.9880,0.1102
0.9880,0.1103
0.9880,0.1103
0.9880,0.1104
0.9880,0.1104
0.9880,0.1105
0.9880,0.1105
0.9880,0.1106
0.9880,0.1106
0.9880,0.1107
0.9880,0.1107
0.9880,0.1108
0.9880,0.1108
0.9880,0.1109
0.9880,0.1109
0.9880,0.1110
0.9880,0.1110
0.9880,0.1111
0.9880,0.1111
0.9880,0.1112
0.9880,0.1112
0.9880,0.1113
0.9880,0.1113
0.9880,0.1114
0.9880,0.1114
0.9880,0.1115
0.9880,0.1115
0.9880,0.1116
0.9880,0.1116
0.9880,0.1117
0.9880,0.1117
0.9880,0.1118
0.9880,0.1118
0.9880,0.1119
0.9880,0.1119
0.9880,0.1120
0.9880,0.1120
0.9880,0.1121
0.9880,0.1121
0.9880,0.1122
0.9880,0.1122
0.9880,0.1123
0.9880,0.1123
0.9880,0.1124
0.9880,0.1124
0.9880,0.1125
0.9880,0.1125
0.9880,0.1126
0.9880,0.1126
0.9880,0.1127
0.9880,0.1127
0.9880,0.1128
0.9880,0.1128
0.9880,0.1129
0.9880,0.1129
0.9880,0.1130
0.9880,0.1130
0.9880,0.1131
0.9880,0.1131
0.9880,0.1132
0.9880,0.1132
0.9880,0.1133
0.9880,0.1133
0.9880,0.1134
0.9880,0.1134
0.9880,0.1135
0.9880,0.1136
0.9880,0.1136
0.9880,0.1137
0.9880,0.1137
0.9880,0.1138
0.9880,0.1138
0.9880,0.1139
0.9880,0.1139
0.9880,0.1140
0.9880,0.1140
0.9880,0.1141
0.9880,0.1141
0.9880,0.1142
0.9880,0.1142
0.9880,0.1143
0.9880,0.1143
0.9880,0.1144
0.9880,0.1144
0.9880,0.1145
0.9880,0.1145
0.9880,0.1146
0.9880,0.1147
0.9880,0.1147
0.9880,0.1148
0.9880,0.1148
0.9880,0.1149
0.9880,0.1149
0.9880,0.1150
0.9880,0.1150
0.9880,0.1151
0.9880,0.1151
0.9880,0.1152
0.9880,0.1152
0.9880,0.1153
0.9880,0.1153
0.9880,0.1154
0.9880,0.1155
0.9880,0.1155
0.9880,0.1156
0.9880,0.1156
0.9880,0.1157
0.9880,0.1157
0.9880,0.1158
0.9880,0.1158
0.9880,0.1159
0.9880,0.1159
0.9880,0.1160
0.9880,0.1161
0.9880,0.1161
0.9880,0.1162
0.9880,0.1162
0.9880,0.1163
0.9880,0.1163
0.9880,0.1164
0.9880,0.1164
0.9880,0.1165
0.9880,0.1165
0.9880,0.1166
0.9880,0.1167
0.9880,0.1167
0.9880,0.1168
0.9880,0.1168
0.9880,0.1169
0.9880,0.1169
0.9880,0.1170
0.9880,0.1170
0.9880,0.1171
0.9880,0.1171
0.9880,0.1172
0.9880,0.1173
0.9880,0.1173
0.9880,0.1174
0.9880,0.1174
0.9880,0.1175
0.9880,0.1175
0.9880,0.1176
0.9880,0.1176
0.9880,0.1177
0.9880,0.1178
0.9880,0.1178
0.9880,0.1179
0.9880,0.1179
0.9880,0.1180
0.9880,0.1180
0.9880,0.1181
0.9880,0.1182
0.9880,0.1182
0.9880,0.1183
0.9880,0.1183
0.9880,0.1184
0.9880,0.1184
0.9880,0.1185
0.9880,0.1185
0.9880,0.1186
0.9880,0.1187
0.9880,0.1187
0.9880,0.1188
0.9880,0.1188
0.9880,0.1189
0.9880,0.1189
0.9880,0.1190
0.9880,0.1191
0.9880,0.1191
0.9880,0.1192
0.9880,0.1192
0.9880,0.1193
0.9880,0.1193
0.9880,0.1194
0.9880,0.1195
0.9880,0.1195
0.9880,0.1196
0.9880,0.1196
0.9880,0.1197
0.9880,0.1197
0.9880,0.1198
0.9880,0.1199
0.9880,0.1199
0.9880,0.1200
0.9880,0.1200
0.9880,0.1201
0.9880,0.1202
0.9880,0.1202
0.9880,0.1203
0.9880,0.1203
0.9880,0.1204
0.9880,0.1204
0.9880,0.1205
0.9880,0.1206
0.9880,0.1206
0.9880,0.1207
0.9880,0.1207
0.9880,0.1208
0.9880,0.1209
0.9880,0.1209
0.9880,0.1210
0.9880,0.1210
0.9880,0.1211
0.9880,0.1212
0.9880,0.1212
0.9880,0.1213
0.9880,0.1213
0.9880,0.1214
0.9880,0.1214
0.9880,0.1215
0.9880,0.1216
0.9880,0.1216
0.9880,0.1217
0.9880,0.1217
0.9880,0.1218
0.9880,0.1219
0.9880,0.1219
0.9880,0.1220
0.9880,0.1220
0.9880,0.1221
0.9880,0.1222
0.9880,0.1222
0.9880,0.1223
0.9880,0.1223
0.9880,0.1224
0.9880,0.1225
0.9880,0.1225
0.9880,0.1226
0.9880,0.1227
0.9880,0.1227
0.9880,0.1228
0.9880,0.1228
0.9880,0.1229
0.9880,0.1230
0.9880,0.1230
0.9880,0.1231
0.9880,0.1231
0.9880,0.1232
0.9880,0.1233
0.9880,0.1233
0.9880,0.1234
0.9880,0.1234
0.9880,0.1235
0.9880,0.1236
0.9880,0.1236
0.9880,0.1237
0.9880,0.1238
0.9880,0.1238
0.9880,0.1239
0.9880,0.1239
0.9880,0.1240
0.9880,0.1241
0.9880,0.1241
0.9880,0.1242
0.9880,0.1242
0.9880,0.1243
0.9880,0.1244
0.9880,0.1244
0.9880,0.1245
0.9880,0.1246
0.9880,0.1246
0.9880,0.1247
0.9880,0.1247
0.9880,0.1248
0.9880,0.1249
0.9880,0.1249
0.9880,0.1250
0.9880,0.1251
0.9880,0.1251
0.9880,0.1252
0.9880,0.1253
0.9880,0.1253
0.9880,0.1254
0.9880,0.1254
0.9880,0.1255
0.9880,0.1256
0.9880,0.1256
0.9880,0.1257
0.9880,0.1258
0.9880,0.1258
0.9880,0.1259
0.9880,0.1260
0.9880,0.1260
0.9880,0.1261
0.9880,0.1261
0.9880,0.1262
0.9880,0.1263
0.9880,0.1263
0.9880,0.1264
0.9880,0.1265
0.9880,0.1265
0.9880,0.1266
0.9880,0.1267
0.9880,0.1267
0.9880,0.1268
0.9880,0.1269
0.9880,0.1269
0.9880,0.1270
0.9880,0.1270
0.9880,0.1271
0.9880,0.1272
0.9880,0.1272
0.9880,0.1273
0.9880,0.1274
0.9880,0.1274
0.9880,0.1275
0.9880,0.1276
0.9880,0.1276
0.9880,0.1277
0.9880,0.1278
0.9880,0.1278
0.9880,0.1279
0.9880,0.1280
0.9880,0.1280
0.9880,0.1281
0.9880,0.1282
0.9880,0.1282
0.9880,0.1283
0.9880,0.1284
0.9880,0.1284
0.9880,0.1285
0.9880,0.1286
0.9880,0.1286
0.9880,0.1287
0.9880,0.1288
0.9880,0.1288
0.9880,0.1289
0.9880,0.1290
0.9880,0.1290
0.9880,0.1291
0.9880,0.1292
0.9880,0.1292
0.9880,0.1293
0.9880,0.1294
0.9880,0.1294
0.9880,0.1295
0.9880,0.1296
0.9880,0.1296
0.9880,0.1297
0.9880,0.1298
0.9880,0.1298
0.9880,0.1299
0.9880,0.1300
0.9880,0.1300
0.9880,0.1301
0.9880,0.1302
0.9880,0.1303
0.9880,0.1303
0.9880,0.1304
0.9880,0.1305
0.9880,0.1305
0.9880,0.1306
0.9880,0.1307
0.9880,0.1307
0.9880,0.1308
0.9880,0.1309
0.9880,0.1309
0.9880,0.1310
0.9880,0.1311
0.9880,0.1311
0.9880,0.1312
0.9880,0.1313
0.9880,0.1314
0.9880,0.1314
0.9880,0.1315
0.9880,0.1316
0.9880,0.1316
0.9880,0.1317
0.9880,0.1318
0.9880,0.1318
0.9880,0.1319
0.9880,0.1320
0.9880,0.1321
0.9880,0.1321
0.9880,0.1322
0.9880,0.1323
0.9880,0.1323
0.9880,0.1324
0.9880,0.1325
0.9880,0.1325
0.9880,0.1326
0.9880,0.1327
0.9880,0.1328
0.9880,0.1328
0.9880,0.1329
0.9880,0.1330
0.9880,0.1330
0.9880,0.1331
0.9880,0.1332
0.9880,0.1333
0.9880,0.1333
0.9880,0.1334
0.9880,0.1335
0.9880,0.1335
0.9880,0.1336
0.9880,0.1337
0.9880,0.1338
0.9880,0.1338
0.9880,0.1339
0.9880,0.1340
0.9880,0.1341
0.9880,0.1341
0.9880,0.1342
0.9880,0.1343
0.9880,0.1343
0.9880,0.1344
0.9880,0.1345
0.9880,0.1346
0.9880,0.1346
0.9880,0.1347
0.9880,0.1348
0.9880,0.1349
0.9880,0.1349
0.9880,0.1350
0.9880,0.1351
0.9880,0.1351
0.9880,0.1352
0.9880,0.1353
0.9880,0.1354
0.9880,0.1354
0.9880,0.1355
0.9880,0.1356
0.9880,0.1357
0.9880,0.1357
0.9880,0.1358
0.9880,0.1359
0.9880,0.1360
0.9880,0.1360
0.9880,0.1361
0.9880,0.1362
0.9880,0.1363
0.9880,0.1363
0.9880,0.1364
0.9880,0.1365
0.9880,0.1366
0.9880,0.1366
0.9880,0.1367
0.9880,0.1368
0.9880,0.1369
0.9880,0.1369
0.9880,0.1370
0.9880,0.1371
0.9880,0.1372
0.9880,0.1372
0.9880,0.1373
0.9880,0.1374
0.9880,0.1375
0.9880,0.1375
0.9880,0.1376
0.9880,0.1377
0.9880,0.1378
0.9880,0.1379
0.9880,0.1379
0.9880,0.1380
0.9880,0.1381
0.9880,0.1382
0.9880,0.1382
0.9880,0.1383
0.9880,0.1384
0.9880,0.1385
0.9880,0.1385
0.9880,0.1386
0.9880,0.1387
0.9880,0.1388
0.9880,0.1389
0.9880,0.1389
0.9880,0.1390
0.9880,0.1391
0.9880,0.1392
0.9880,0.1392
0.9880,0.1393
0.9880,0.1394
0.9880,0.1395
0.9880,0.1396
0.9880,0.1396
0.9880,0.1397
0.9880,0.1398
0.9880,0.1399
0.9880,0.1400
0.9880,0.1400
0.9880,0.1401
0.9880,0.1402
0.9880,0.1403
0.9880,0.1404
0.9880,0.1404
0.9880,0.1405
0.9880,0.1406
0.9880,0.1407
0.9880,0.1407
0.9880,0.1408
0.9880,0.1409
0.9880,0.1410
0.9880,0.1411
0.9880,0.1411
0.9880,0.1412
0.9880,0.1413
0.9880,0.1414
0.9880,0.1415
0.9880,0.1416
0.9880,0.1416
0.9880,0.1417
0.9880,0.1418
0.9880,0.1419
0.9880,0.1420
0.9880,0.1420
0.9880,0.1421
0.9880,0.1422
0.9880,0.1423
0.9880,0.1424
0.9880,0.1424
0.9880,0.1425
0.9880,0.1426
0.9880,0.1427
0.9880,0.1428
0.9880,0.1429
0.9880,0.1429
0.9880,0.1430
0.9880,0.1431
0.9880,0.1432
0.9880,0.1433
0.9880,0.1434
0.9880,0.1434
0.9880,0.1435
0.9880,0.1436
0.9880,0.1437
0.9880,0.1438
0.9880,0.1439
0.9880,0.1439
0.9880,0.1440
0.9880,0.1441
0.9880,0.1442
0.9880,0.1443
0.9880,0.1444
0.9880,0.1444
0.9880,0.1445
0.9880,0.1446
0.9880,0.1447
0.9880,0.1448
0.9880,0.1449
0.9880,0.1449
0.9880,0.1450
0.9880,0.1451
0.9880,0.1452
0.9880,0.1453
0.9880,0.1454
0.9880,0.1455
0.9880,0.1455
0.9880,0.1456
0.9880,0.1457
0.9880,0.1458
0.9880,0.1459
0.9880,0.1460
0.9880,0.1461
0.9880,0.1461
0.9880,0.1462
0.9880,0.1463
0.9880,0.1464
0.9880,0.1465
0.9880,0.1466
0.9880,0.1467
0.9880,0.1467
0.9880,0.1468
0.9880,0.1469
0.9880,0.1470
0.9880,0.1471
0.9880,0.1472
0.9880,0.1473
0.9880,0.1474
0.9880,0.1474
0.9880,0.1475
0.9880,0.1476
0.9880,0.1477
0.9880,0.1478
0.9880,0.1479
0.9880,0.1480
0.9880,0.1481
0.9880,0.1481
0.9880,0.1482
0.9880,0.1483
0.9880,0.1484
0.9880,0.1485
0.9880,0.1486
0.9880,0.1487
0.9880,0.1488
0.9880,0.1489
0.9880,0.1489
0.9880,0.1490
0.9880,0.1491
0.9880,0.1492
0.9880,0.1493
0.9880,0.1494
0.9880,0.1495
0.9880,0.1496
0.9880,0.1497
0.9880,0.1498
0.9880,0.1498
0.9880,0.1499
0.9880,0.1500
0.9880,0.1501
0.9880,0.1502
0.9880,0.1503
0.9880,0.1504
0.9880,0.1505
0.9880,0.1506
0.9880,0.1507
0.9880,0.1508
0.9880,0.1509
0.9880,0.1509
0.9880,0.1510
0.9880,0.1511
0.9880,0.1512
0.9880,0.1513
0.9880,0.1514
0.9880,0.1515
0.9880,0.1516
0.9880,0.1517
0.9880,0.1518
0.9880,0.1519
0.9880,0.1520
0.9880,0.1521
0.9880,0.1521
0.9880,0.1522
0.9880,0.1523
0.9880,0.1524
0.9880,0.1525
0.9880,0.1526
0.9880,0.1527
0.9880,0.1528
0.9880,0.1529
0.9880,0.1530
0.9880,0.1531
0.9880,0.1532
0.9880,0.1533
0.9880,0.1534
0.9880,0.1535
0.9880,0.1536
0.9880,0.1537
0.9880,0.1538
0.9880,0.1538
0.9880,0.1539
0.9880,0.1540
0.9880,0.1541
0.9880,0.1542
0.9880,0.1543
0.9880,0.1544
0.9880,0.1545
0.9880,0.1546
0.9880,0.1547
0.9880,0.1548
0.9880,0.1549
0.9880,0.1550
0.9880,0.1552
0.9880,0.1554
0.9880,0.1555
0.9880,0.1556
0.9880,0.1557
0.9880,0.1558
0.9880,0.1559
0.9880,0.1560
0.9880,0.1561
0.9880,0.1562
0.9880,0.1563
0.9880,0.1564
0.9880,0.1565
0.9880,0.1566
0.9880,0.1567
0.9880,0.1568
0.9880,0.1569
0.9880,0.1570
0.9880,0.1571
0.9880,0.1572
0.9880,0.1573
0.9880,0.1574
0.9880,0.1575
0.9880,0.1576
0.9880,0.1577
0.9880,0.1578
0.9880,0.1579
0.9880,0.1580
0.9880,0.1581
0.9880,0.1582
0.9880,0.1583
0.9880,0.1584
0.9880,0.1585
0.9880,0.1586
0.9880,0.1587
0.9880,0.1588
0.9880,0.1589
0.9880,0.1590
0.9880,0.1591
0.9880,0.1592
0.9880,0.1593
0.9880,0.1594
0.9880,0.1595
0.9880,0.1596
0.9880,0.1597
0.9880,0.1598
0.9880,0.1599
0.9880,0.1600
0.9880,0.1601
0.9880,0.1602
0.9880,0.1603
0.9880,0.1604
0.9880,0.1605
0.9880,0.1606
0.9880,0.1607
0.9880,0.1608
0.9880,0.1609
0.9880,0.1610
0.9880,0.1611
0.9880,0.1612
0.9880,0.1614
0.9880,0.1615
0.9880,0.1616
0.9880,0.1617
0.9880,0.1618
0.9880,0.1619
0.9880,0.1620
0.9880,0.1621
0.9880,0.1622
0.9880,0.1623
0.9880,0.1624
0.9880,0.1625
0.9880,0.1626
0.9880,0.1627
0.9880,0.1628
0.9880,0.1629
0.9880,0.1631
0.9880,0.1632
0.9880,0.1633
0.9880,0.1634
0.9880,0.1635
0.9880,0.1636
0.9880,0.1637
0.9880,0.1638
0.9880,0.1639
0.9880,0.1640
0.9880,0.1641
0.9880,0.1642
0.9880,0.1643
0.9880,0.1645
0.9880,0.1646
0.9880,0.1647
0.9880,0.1648
0.9880,0.1649
0.9880,0.1650
0.9880,0.1651
0.9880,0.1652
0.9880,0.1653
0.9880,0.1654
0.9880,0.1656
0.9880,0.1657
0.9880,0.1658
0.9880,0.1659
0.9880,0.1660
0.9880,0.1661
0.9880,0.1662
0.9880,0.1663
0.9880,0.1664
0.9880,0.1666
0.9880,0.1667
0.9880,0.1668
0.9880,0.1669
0.9880,0.1670
0.9880,0.1671
0.9880,0.1672
0.9880,0.1673
0.9880,0.1675
0.9880,0.1676
0.9880,0.1677
0.9880,0.1678
0.9841,0.1672
0.9841,0.1673
0.9841,0.1675
0.9841,0.1676
0.9841,0.1677
0.9841,0.1678
0.9841,0.1679
0.9841,0.1680
0.9841,0.1681
0.9841,0.1683
0.9841,0.1684
0.9841,0.1685
0.9841,0.1686
0.9841,0.1687
0.9841,0.1688
0.9841,0.1689
0.9841,0.1691
0.9841,0.1692
0.9841,0.1693
0.9841,0.1694
0.9841,0.1695
0.9841,0.1696
0.9841,0.1698
0.9841,0.1699
0.9841,0.1700
0.9841,0.1701
0.9841,0.1702
0.9841,0.1703
0.9841,0.1705
0.9841,0.1706
0.9841,0.1707
0.9841,0.1708
0.9841,0.1709
0.9841,0.1711
0.9841,0.1712
0.9841,0.1713
0.9841,0.1714
0.9841,0.1715
0.9841,0.1716
0.9841,0.1718
0.9841,0.1719
0.9841,0.1720
0.9841,0.1721
0.9841,0.1722
0.9841,0.1724
0.9841,0.1725
0.9841,0.1726
0.9841,0.1727
0.9841,0.1728
0.9841,0.1730
0.9841,0.1731
0.9841,0.1732
0.9841,0.1733
0.9841,0.1735
0.9841,0.1736
0.9841,0.1737
0.9841,0.1738
0.9841,0.1739
0.9841,0.1741
0.9841,0.1742
0.9841,0.1743
0.9841,0.1744
0.9841,0.1746
0.9841,0.1747
0.9841,0.1748
0.9841,0.1749
0.9841,0.1751
0.9841,0.1752
0.9841,0.1753
0.9841,0.1754
0.9841,0.1756
0.9841,0.1757
0.9841,0.1758
0.9841,0.1759
0.9841,0.1761
0.9841,0.1762
0.9841,0.1763
0.9841,0.1764
0.9841,0.1766
0.9841,0.1767
0.9841,0.1768
0.9841,0.1769
0.9841,0.1771
0.9841,0.1772
0.9841,0.1773
0.9841,0.1774
0.9841,0.1776
0.9841,0.1777
0.9841,0.1778
0.9841,0.1780
0.9841,0.1781
0.9841,0.1782
0.9841,0.1783
0.9841,0.1785
0.9841,0.1786
0.9841,0.1787
0.9841,0.1789
0.9841,0.1790
0.9841,0.1791
0.9841,0.1792
0.9841,0.1794
0.9841,0.1795
0.9841,0.1796
0.9841,0.1798
0.9841,0.1799
0.9841,0.1800
0.9841,0.1802
0.9841,0.1803
0.9841,0.1804
0.9841,0.1806
0.9841,0.1807
0.9841,0.1808
0.9841,0.1810
0.9841,0.1811
0.9841,0.1812
0.9841,0.1814
0.9841,0.1815
0.9841,0.1816
0.9841,0.1818
0.9841,0.1819
0.9841,0.1820
0.9841,0.1822
0.9841,0.1823
0.9841,0.1824
0.9841,0.1826
0.9841,0.1827
0.9841,0.1828
0.9841,0.1830
0.9841,0.1831
0.9841,0.1832
0.9841,0.1834
0.9841,0.1835
0.9841,0.1836
0.9841,0.1838
0.9841,0.1839
0.9841,0.1841
0.9841,0.1842
0.9841,0.1843
0.9841,0.1845
0.9841,0.1846
0.9841,0.1847
0.9841,0.1849
0.9841,0.1850
0.9841,0.1852
0.9841,0.1853
0.9841,0.1854
0.9841,0.1856
0.9841,0.1857
0.9841,0.1859
0.9841,0.1860
0.9841,0.1861
0.9841,0.1863
0.9841,0.1864
0.9841,0.1866
0.9841,0.1867
0.9841,0.1868
0.9841,0.1870
0.9841,0.1871
0.9841,0.1873
0.9841,0.1874
0.9841,0.1875
0.9841,0.1877
0.9841,0.1878
0.9841,0.1880
0.9841,0.1881
0.9841,0.1883
0.9841,0.1884
0.9841,0.1885
0.9841,0.1887
0.9841,0.1888
0.9841,0.1890
0.9841,0.1891
0.9841,0.1893
0.9841,0.1894
0.9841,0.1896
0.9841,0.1897
0.9841,0.1899
0.9841,0.1900
0.9841,0.1901
0.9841,0.1903
0.9841,0.1904
0.9841,0.1906
0.9841,0.1907
0.9841,0.1909
0.9841,0.1910
0.9841,0.1912
0.9841,0.1913
0.9841,0.1915
0.9841,0.1916
0.9841,0.1918
0.9841,0.1919
0.9841,0.1921
0.9841,0.1922
0.9841,0.1924
0.9841,0.1925
0.9841,0.1927
0.9841,0.1928
0.9841,0.1930
0.9841,0.1931
0.9841,0.1933
0.9841,0.1934
0.9841,0.1936
0.9841,0.1937
0.9841,0.1939
0.9841,0.1940
0.9841,0.1942
0.9841,0.1943
0.9841,0.1945
0.9841,0.1946
0.9841,0.1948
0.9841,0.1949
0.9841,0.1951
0.9841,0.1953
0.9841,0.1954
0.9841,0.1956
0.9841,0.1957
0.9841,0.1959
0.9841,0.1960
0.9841,0.1962
0.9841,0.1963
0.9841,0.1965
0.9841,0.1967
0.9841,0.1968
0.9841,0.1970
0.9841,0.1971
0.9841,0.1973
0.9841,0.1974
0.9841,0.1976
0.9841,0.1978
0.9841,0.1979
0.9841,0.1981
0.9841,0.1982
0.9841,0.1984
0.9841,0.1986
0.9841,0.1987
0.9841,0.1989
0.9841,0.1990
0.9841,0.1992
0.9841,0.1994
0.9841,0.1995
0.9841,0.1997
0.9841,0.1998
0.9841,0.2000
0.9841,0.2002
0.9841,0.2003
0.9841,0.2005
0.9841,0.2006
0.9841,0.2008
0.9841,0.2010
0.9841,0.2011
0.9841,0.2013
0.9841,0.2015
0.9841,0.2016
0.9841,0.2018
0.9841,0.2020
0.9841,0.2021
0.9841,0.2023
0.9841,0.2025
0.9841,0.2026
0.9841,0.2028
0.9841,0.2030
0.9841,0.2031
0.9841,0.2033
0.9841,0.2035
0.9841,0.2036
0.9841,0.2038
0.9841,0.2040
0.9841,0.2041
0.9841,0.2043
0.9841,0.2045
0.9841,0.2046
0.9841,0.2048
0.9841,0.2050
0.9841,0.2051
0.9841,0.2053
0.9841,0.2055
0.9841,0.2057
0.9841,0.2058
0.9841,0.2060
0.9841,0.2062
0.9841,0.2063
0.9841,0.2065
0.9841,0.2067
0.9841,0.2069
0.9841,0.2070
0.9841,0.2072
0.9841,0.2074
0.9841,0.2076
0.9841,0.2077
0.9841,0.2079
0.9841,0.2081
0.9841,0.2083
0.9841,0.2084
0.9841,0.2086
0.9841,0.2088
0.9841,0.2090
0.9841,0.2091
0.9841,0.2093
0.9841,0.2095
0.9841,0.2097
0.9841,0.2099
0.9841,0.2100
0.9841,0.2102
0.9841,0.2104
0.9841,0.2106
0.9841,0.2108
0.9841,0.2109
0.9841,0.2111
0.9841,0.2113
0.9841,0.2115
0.9841,0.2117
0.9841,0.2118
0.9841,0.2120
0.9841,0.2122
0.9841,0.2124
0.9841,0.2126
0.9841,0.2127
0.9841,0.2129
0.9841,0.2131
0.9841,0.2133
0.9841,0.2135
0.9841,0.2137
0.9841,0.2139
0.9841,0.2140
0.9841,0.2142
0.9841,0.2144
0.9841,0.2146
0.9841,0.2148
0.9841,0.2150
0.9841,0.2152
0.9841,0.2153
0.9841,0.2155
0.9841,0.2157
0.9841,0.2159
0.9841,0.2161
0.9841,0.2163
0.9841,0.2165
0.9841,0.2167
0.9841,0.2169
0.9841,0.2170
0.9841,0.2172
0.9841,0.2174
0.9841,0.2176
0.9841,0.2178
0.9841,0.2180
0.9841,0.2182
0.9841,0.2184
0.9841,0.2186
0.9841,0.2188
0.9841,0.2190
0.9841,0.2192
0.9841,0.2194
0.9841,0.2196
0.9841,0.2198
0.9841,0.2199
0.9841,0.2201
0.9841,0.2203
0.9841,0.2205
0.9841,0.2207
0.9841,0.2209
0.9841,0.2211
0.9841,0.2213
0.9841,0.2215
0.9841,0.2217
0.9841,0.2219
0.9841,0.2221
0.9841,0.2223
0.9841,0.2225
0.9841,0.2227
0.9841,0.2229
0.9841,0.2231
0.9841,0.2233
0.9841,0.2235
0.9841,0.2237
0.9841,0.2239
0.9841,0.2241
0.9841,0.2243
0.9841,0.2245
0.9841,0.2247
0.9841,0.2250
0.9841,0.2252
0.9841,0.2254
0.9841,0.2256
0.9841,0.2258
0.9841,0.2260
0.9841,0.2262
0.9841,0.2264
0.9841,0.2266
0.9841,0.2268
0.9841,0.2270
0.9841,0.2272
0.9841,0.2274
0.9841,0.2276
0.9841,0.2279
0.9841,0.2281
0.9841,0.2283
0.9841,0.2285
0.9841,0.2287
0.9841,0.2289
0.9841,0.2291
0.9841,0.2293
0.9841,0.2296
0.9841,0.2298
0.9841,0.2300
0.9841,0.2302
0.9841,0.2304
0.9841,0.2306
0.9841,0.2308
0.9841,0.2311
0.9841,0.2313
0.9841,0.2315
0.9841,0.2317
0.9841,0.2319
0.9841,0.2321
0.9841,0.2324
0.9841,0.2326
0.9841,0.2328
0.9841,0.2330
0.9841,0.2332
0.9841,0.2335
0.9841,0.2337
0.9841,0.2339
0.9841,0.2341
0.9841,0.2343
0.9841,0.2346
0.9841,0.2348
0.9841,0.2350
0.9841,0.2352
0.9841,0.2355
0.9841,0.2357
0.9841,0.2359
0.9841,0.2361
0.9841,0.2364
0.9841,0.2366
0.9841,0.2368
0.9841,0.2370
0.9841,0.2373
0.9841,0.2375
0.9841,0.2377
0.9841,0.2380
0.9841,0.2382
0.9841,0.2384
0.9841,0.2386
0.9841,0.2389
0.9841,0.2391
0.9841,0.2393
0.9841,0.2396
0.9841,0.2398
0.9841,0.2400
0.9841,0.2403
0.9841,0.2405
0.9841,0.2407
0.9841,0.2410
0.9841,0.2412
0.9841,0.2414
0.9841,0.2417
0.9841,0.2419
0.9841,0.2422
0.9841,0.2424
0.9841,0.2426
0.9841,0.2429
0.9841,0.2431
0.9841,0.2433
0.9841,0.2436
0.9841,0.2438
0.9841,0.2441
0.9841,0.2443
0.9841,0.2446
0.9841,0.2448
0.9841,0.2450
0.9841,0.2453
0.9841,0.2455
0.9841,0.2458
0.9841,0.2460
0.9841,0.2463
0.9841,0.2465
0.9841,0.2468
0.9841,0.2470
0.9841,0.2472
0.9841,0.2475
0.9841,0.2477
0.9841,0.2480
0.9841,0.2482
0.9841,0.2485
0.9841,0.2487
0.9841,0.2490
0.9841,0.2492
0.9841,0.2495
0.9841,0.2497
0.9841,0.2500
0.9841,0.2503
0.9841,0.2505
0.9841,0.2508
0.9841,0.2510
0.9841,0.2513
0.9841,0.2515
0.9841,0.2518
0.9841,0.2520
0.9841,0.2523
0.9841,0.2526
0.9841,0.2528
0.9841,0.2531
0.9841,0.2533
0.9841,0.2536
0.9841,0.2539
0.9841,0.2541
0.9841,0.2544
0.9841,0.2546
0.9841,0.2549
0.9841,0.2552
0.9841,0.2554
0.9841,0.2557
0.9841,0.2560
0.9841,0.2562
0.9841,0.2565
0.9841,0.2568
0.9841,0.2570
0.9841,0.2573
0.9841,0.2576
0.9841,0.2578
0.9841,0.2581
0.9841,0.2584
0.9841,0.2586
0.9841,0.2589
0.9841,0.2592
0.9841,0.2595
0.9841,0.2597
0.9841,0.2600
0.9841,0.2603
0.9841,0.2605
0.9841,0.2608
0.9841,0.2611
0.9841,0.2614
0.9841,0.2617
0.9841,0.2619
0.9841,0.2622
0.9841,0.2625
0.9841,0.2628
0.9841,0.2630
0.9841,0.2633
0.9841,0.2636
0.9841,0.2639
0.9841,0.2642
0.9841,0.2645
0.9841,0.2647
0.9841,0.2650
0.9841,0.2653
0.9841,0.2656
0.9841,0.2659
0.9841,0.2662
0.9841,0.2665
0.9841,0.2667
0.9841,0.2670
0.9841,0.2673
0.9841,0.2676
0.9841,0.2679
0.9841,0.2682
0.9841,0.2685
0.9841,0.2688
0.9841,0.2691
0.9841,0.2694
0.9841,0.2697
0.9841,0.2699
0.9841,0.2702
0.9841,0.2705
0.9841,0.2708
0.9841,0.2711
0.9841,0.2714
0.9841,0.2717
0.9841,0.2720
0.9841,0.2723
0.9841,0.2726
0.9841,0.2729
0.9841,0.2732
0.9841,0.2735
0.9841,0.2738
0.9841,0.2741
0.9841,0.2744
0.9841,0.2747
0.9841,0.2751
0.9841,0.2754
0.9841,0.2757
0.9841,0.2760
0.9841,0.2763
0.9841,0.2766
0.9841,0.2769
0.9841,0.2772
0.9841,0.2775
0.9841,0.2778
0.9841,0.2782
0.9841,0.2785
0.9841,0.2788
0.9841,0.2791
0.9841,0.2794
0.9841,0.2797
0.9841,0.2800
0.9841,0.2804
0.9841,0.2807
0.9841,0.2810
0.9841,0.2813
0.9841,0.2816
0.9841,0.2820
0.9841,0.2823
0.9841,0.2826
0.9841,0.2829
0.9841,0.2833
0.9841,0.2836
0.9841,0.2839
0.9841,0.2842
0.9841,0.2846
0.9841,0.2849
0.9841,0.2852
0.9841,0.2855
0.9841,0.2859
0.9841,0.2862
0.9841,0.2865
0.9841,0.2869
0.9841,0.2872
0.9841,0.2875
0.9841,0.2879
0.9841,0.2882
0.9841,0.2886
0.9841,0.2889
0.9841,0.2892
0.9841,0.2896
0.9841,0.2899
0.9841,0.2902
0.9841,0.2906
0.9841,0.2909
0.9841,0.2913
0.9841,0.2916
0.9841,0.2920
0.9841,0.2923
0.9841,0.2927
0.9841,0.2930
0.9841,0.2933
0.9841,0.2937
0.9841,0.2940
0.9841,0.2944
0.9841,0.2947
0.9841,0.2951
0.9841,0.2955
0.9841,0.2958
0.9841,0.2962
0.9841,0.2965
0.9841,0.2969
0.9841,0.2972
0.9841,0.2976
0.9841,0.2979
0.9841,0.2983
0.9841,0.2987
0.9841,0.2990
0.9841,0.2994
0.9841,0.2998
0.9841,0.3001
0.9841,0.3005
0.9841,0.3009
0.9841,0.3012
0.9841,0.3016
0.9841,0.3020
0.9841,0.3023
0.9841,0.3027
0.9841,0.3031
0.9841,0.3034
0.9841,0.3038
0.9841,0.3042
0.9841,0.3046
0.9841,0.3049
0.9841,0.3053
0.9841,0.3057
0.9841,0.3061
0.9841,0.3065
0.9841,0.3068
0.9841,0.3072
0.9841,0.3076
0.9841,0.3080
0.9841,0.3084
0.9841,0.3088
0.9841,0.3091
0.9841,0.3095
0.9841,0.3099
0.9841,0.3103
0.9841,0.3107
0.9841,0.3111
0.9841,0.3115
0.9841,0.3119
0.9841,0.3123
0.9841,0.3127
0.9841,0.3131
0.9841,0.3135
0.9841,0.3139
0.9841,0.3142
0.9841,0.3146
0.9841,0.3151
0.9841,0.3155
0.9841,0.3159
0.9841,0.3163
0.9841,0.3167
0.9841,0.3171
0.9841,0.3175
0.9841,0.3179
0.9841,0.3183
0.9841,0.3187
0.9841,0.3191
0.9841,0.3195
0.9841,0.3199
0.9841,0.3204
0.9841,0.3208
0.9841,0.3212
0.9841,0.3216
0.9841,0.3220
0.9841,0.3225
0.9841,0.3229
0.9841,0.3233
0.9841,0.3237
0.9841,0.3241
0.9841,0.3246
0.9841,0.3250
0.9841,0.3254
0.9841,0.3259
0.9841,0.3263
0.9841,0.3267
0.9841,0.3272
0.9841,0.3276
0.9841,0.3280
0.9841,0.3285
0.9841,0.3289
0.9841,0.3293
0.9841,0.3298
0.9841,0.3302
0.9841,0.3307
0.9841,0.3311
0.9841,0.3315
0.9841,0.3320
0.9841,0.3324
0.9841,0.3329
0.9841,0.3333
0.9841,0.3338
0.9841,0.3342
0.9841,0.3347
0.9841,0.3351
0.9841,0.3356
0.9841,0.3361
0.9841,0.3365
0.9841,0.3370
0.9841,0.3374
0.9841,0.3379
0.9841,0.3384
0.9841,0.3388
0.9841,0.3393
0.9841,0.3398
0.9841,0.3402
0.9841,0.3407
0.9841,0.3412
0.9841,0.3416
0.9841,0.3421
0.9841,0.3426
0.9841,0.3431
0.9841,0.3435
0.9841,0.3440
0.9841,0.3445
0.9841,0.3450
0.9841,0.3455
0.9841,0.3459
0.9841,0.3464
0.9841,0.3469
0.9841,0.3474
0.9841,0.3479
0.9841,0.3484
0.9841,0.3489
0.9841,0.3494
0.9841,0.3499
0.9841,0.3504
0.9841,0.3509
0.9841,0.3514
0.9841,0.3519
0.9841,0.3524
0.9841,0.3529
0.9841,0.3534
0.9841,0.3539
0.9841,0.3544
0.9841,0.3549
0.9841,0.3554
0.9841,0.3559
0.9841,0.3564
0.9841,0.3569
0.9841,0.3575
0.9841,0.3580
0.9841,0.3585
0.9841,0.3590
0.9841,0.3595
0.9841,0.3601
0.9841,0.3606
0.9841,0.3611
0.9841,0.3616
0.9841,0.3622
0.9801,0.3612
0.9801,0.3618
0.9801,0.3623
0.9801,0.3628
0.9801,0.3634
0.9801,0.3639
0.9801,0.3644
0.9801,0.3650
0.9801,0.3655
0.9801,0.3661
0.9801,0.3666
0.9801,0.3672
0.9801,0.3677
0.9801,0.3683
0.9801,0.3688
0.9801,0.3694
0.9801,0.3699
0.9801,0.3705
0.9801,0.3710
0.9801,0.3716
0.9801,0.3722
0.9801,0.3727
0.9801,0.3733
0.9801,0.3739
0.9801,0.3744
0.9801,0.3750
0.9801,0.3756
0.9801,0.3761
0.9801,0.3767
0.9801,0.3773
0.9801,0.3779
0.9801,0.3785
0.9801,0.3790
0.9801,0.3796
0.9801,0.3802
0.9801,0.3808
0.9801,0.3814
0.9801,0.3820
0.9801,0.3826
0.9801,0.3832
0.9801,0.3838
0.9801,0.3844
0.9801,0.3850
0.9761,0.3840
0.9761,0.3846
0.9761,0.3852
0.9761,0.3858
0.9761,0.3864
0.9761,0.3870
0.9761,0.3877
0.9761,0.3883
0.9761,0.3889
0.9761,0.3895
0.9761,0.3901
0.9761,0.3907
0.9761,0.3914
0.9761,0.3920
0.9761,0.3926
0.9761,0.3933
0.9761,0.3939
0.9761,0.3945
0.9761,0.3952
0.9761,0.3958
0.9761,0.3964
0.9761,0.3971
0.9761,0.3977
0.9761,0.3984
0.9761,0.3990
0.9761,0.3997
0.9761,0.4003
0.9761,0.4010
0.9761,0.4016
0.9761,0.4023
0.9761,0.4030
0.9761,0.4036
0.9761,0.4043
0.9761,0.4050
0.9761,0.4056
0.9761,0.4063
0.9761,0.4070
0.9761,0.4077
0.9761,0.4083
0.9761,0.4090
0.9761,0.4097
0.9761,0.4104
0.9761,0.4111
0.9761,0.4118
0.9761,0.4125
0.9761,0.4132
0.9761,0.4139
0.9761,0.4146
0.9761,0.4153
0.9761,0.4160
0.9761,0.4167
0.9761,0.4174
0.9761,0.4181
0.9761,0.4188
0.9761,0.4195
0.9761,0.4202
0.9761,0.4210
0.9761,0.4217
0.9761,0.4224
0.9761,0.4231
0.9761,0.4239
0.9761,0.4246
0.9761,0.4253
0.9761,0.4261
0.9761,0.4268
0.9761,0.4276
0.9761,0.4283
0.9761,0.4291
0.9761,0.4298
0.9761,0.4306
0.9761,0.4313
0.9761,0.4321
0.9761,0.4329
0.9761,0.4336
0.9761,0.4344
0.9761,0.4352
0.9761,0.4359
0.9761,0.4367
0.9761,0.4375
0.9761,0.4383
0.9761,0.4391
0.9761,0.4399
0.9761,0.4406
0.9761,0.4414
0.9761,0.4422
0.9761,0.4430
0.9761,0.4438
0.9761,0.4446
0.9761,0.4455
0.9761,0.4463
0.9761,0.4471
0.9761,0.4479
0.9761,0.4487
0.9761,0.4495
0.9761,0.4504
0.9761,0.4512
0.9761,0.4520
0.9761,0.4529
0.9761,0.4537
0.9761,0.4545
0.9761,0.4554
0.9761,0.4562
0.9761,0.4571
0.9761,0.4579
0.9761,0.4588
0.9761,0.4597
0.9761,0.4605
0.9761,0.4614
0.9761,0.4623
0.9761,0.4631
0.9761,0.4640
0.9761,0.4649
0.9761,0.4658
0.9761,0.4667
0.9761,0.4676
0.9761,0.4685
0.9761,0.4693
0.9761,0.4702
0.9761,0.4712
0.9761,0.4721
0.9761,0.4730
0.9761,0.4739
0.9761,0.4748
0.9761,0.4757
0.9761,0.4767
0.9761,0.4776
0.9761,0.4785
0.9761,0.4795
0.9761,0.4804
0.9761,0.4813
0.9761,0.4823
0.9761,0.4832
0.9761,0.4842
0.9761,0.4851
0.9761,0.4861
0.9761,0.4871
0.9761,0.4880
0.9761,0.4890
0.9761,0.4900
0.9761,0.4910
0.9761,0.4920
0.9761,0.4930
0.9761,0.4940
0.9761,0.4949
0.9761,0.4960
0.9761,0.4970
0.9761,0.4980
0.9761,0.4990
0.9761,0.5000
0.9761,0.5010
0.9761,0.5020
0.9761,0.5031
0.9761,0.5041
0.9761,0.5052
0.9761,0.5062
0.9761,0.5072
0.9761,0.5083
0.9761,0.5094
0.9761,0.5104
0.9761,0.5115
0.9761,0.5126
0.9761,0.5136
0.9761,0.5147
0.9761,0.5158
0.9761,0.5169
0.9761,0.5180
0.9761,0.5191
0.9761,0.5202
0.9761,0.5213
0.9761,0.5224
0.9761,0.5235
0.9761,0.5246
0.9761,0.5258
0.9761,0.5269
0.9761,0.5280
0.9761,0.5292
0.9761,0.5303
0.9761,0.5315
0.9761,0.5326
0.9761,0.5338
0.9761,0.5349
0.9761,0.5361
0.9761,0.5373
0.9761,0.5385
0.9761,0.5396
0.9761,0.5408
0.9761,0.5420
0.9761,0.5432
0.9761,0.5444
0.9761,0.5457
0.9761,0.5469
0.9761,0.5481
0.9761,0.5493
0.9761,0.5506
0.9761,0.5518
0.9761,0.5530
0.9761,0.5543
0.9761,0.5556
0.9761,0.5568
0.9761,0.5581
0.9761,0.5594
0.9761,0.5606
0.9761,0.5619
0.9761,0.5632
0.9761,0.5645
0.9761,0.5658
0.9761,0.5671
0.9761,0.5684
0.9761,0.5698
0.9761,0.5711
0.9761,0.5724
0.9761,0.5738
0.9761,0.5751
0.9761,0.5765
0.9761,0.5778
0.9761,0.5792
0.9761,0.5806
0.9761,0.5819
0.9761,0.5833
0.9761,0.5847
0.9761,0.5861
0.9761,0.5875
0.9761,0.5889
0.9761,0.5904
0.9761,0.5918
0.9761,0.5932
0.9761,0.5947
0.9761,0.5961
0.9761,0.5976
0.9721,0.5966
0.9721,0.5980
0.9681,0.5971
0.9681,0.5985
0.9681,0.6000
0.9681,0.6015
0.9681,0.6030
0.9681,0.6045
0.9681,0.6060
0.9681,0.6075
0.9681,0.6090
0.9681,0.6106
0.9681,0.6121
0.9681,0.6136
0.9681,0.6152
0.9681,0.6168
0.9681,0.6183
0.9681,0.6199
0.9681,0.6215
0.9681,0.6231
0.9681,0.6247
0.9681,0.6263
0.9681,0.6279
0.9681,0.6295
0.9681,0.6312
0.9681,0.6328
0.9681,0.6345
0.9681,0.6361
0.9641,0.6352
0.9641,0.6368
0.9641,0.6385
0.9641,0.6402
0.9641,0.6419
0.9641,0.6436
0.9641,0.6453
0.9641,0.6471
0.9641,0.6488
0.9641,0.6505
0.9641,0.6523
0.9641,0.6541
0.9641,0.6558
0.9641,0.6576
0.9641,0.6594
0.9641,0.6612
0.9641,0.6630
0.9641,0.6648
0.9641,0.6667
0.9641,0.6685
0.9641,0.6704
0.9641,0.6722
0.9641,0.6741
0.9641,0.6760
0.9641,0.6779
0.9641,0.6798
0.9641,0.6817
0.9641,0.6836
0.9641,0.6856
0.9641,0.6875
0.9641,0.6895
0.9641,0.6914
0.9641,0.6934
0.9641,0.6954
0.9641,0.6974
0.9641,0.6994
0.9641,0.7014
0.9641,0.7035
0.9641,0.7055
0.9641,0.7076
0.9602,0.7067
0.9602,0.7088
0.9602,0.7109
0.9602,0.7130
0.9602,0.7151
0.9602,0.7173
0.9602,0.7194
0.9602,0.7216
0.9602,0.7237
0.9602,0.7259
0.9602,0.7281
0.9602,0.7303
0.9602,0.7325
0.9602,0.7348
0.9602,0.7370
0.9602,0.7393
0.9602,0.7415
0.9602,0.7438
0.9602,0.7461
0.9602,0.7484
0.9602,0.7508
0.9602,0.7531
0.9602,0.7555
0.9602,0.7579
0.9602,0.7603
0.9602,0.7627
0.9602,0.7651
0.9602,0.7675
0.9602,0.7700
0.9562,0.7692
0.9562,0.7717
0.9562,0.7742
0.9562,0.7767
0.9562,0.7792
0.9562,0.7818
0.9562,0.7843
0.9562,0.7869
0.9562,0.7895
0.9562,0.7921
0.9562,0.7947
0.9562,0.7973
0.9562,0.8000
0.9562,0.8027
0.9562,0.8054
0.9562,0.8081
0.9562,0.8108
0.9562,0.8136
0.9522,0.8129
0.9522,0.8157
0.9522,0.8185
0.9522,0.8213
0.9522,0.8241
0.9522,0.8270
0.9522,0.8299
0.9482,0.8293
0.9442,0.8287
0.9442,0.8316
0.9442,0.8345
0.9442,0.8375
0.9402,0.8369
0.9402,0.8399
0.9402,0.8429
0.9402,0.8459
0.9402,0.8489
0.9402,0.8520
0.9402,0.8551
0.9363,0.8545
0.9363,0.8577
0.9363,0.8608
0.9363,0.8640
0.9363,0.8672
0.9363,0.8704
0.9323,0.8699
0.9323,0.8731
0.9323,0.8764
0.9283,0.8759
0.9243,0.8755
0.9203,0.8750
0.9203,0.8783
0.9163,0.8779
0.9163,0.8812
0.9163,0.8846
0.9124,0.8842
0.9124,0.8876
0.9124,0.8911
0.9124,0.8945
0.9124,0.8980
0.9124,0.9016
0.9084,0.9012
0.9044,0.9008
0.9044,0.9044
0.9044,0.9080
0.9044,0.9116
0.9004,0.9113
0.9004,0.9150
0.9004,0.9187
0.9004,0.9224
0.9004,0.9262
0.8924,0.9256
0.8924,0.9295
0.8884,0.9292
0.8845,0.9289
0.8805,0.9286
0.8805,0.9325
0.8805,0.9364
0.8805,0.9404
0.8805,0.9444
0.8765,0.9442
0.8765,0.9483
0.8725,0.9481
0.8685,0.9478
0.8645,0.9476
0.8645,0.9518
0.8606,0.9515
0.8606,0.9558
0.8566,0.9556
0.8526,0.9554
0.8486,0.9552
0.8486,0.9595
0.8486,0.9638
0.8446,0.9636
0.8406,0.9635
0.8367,0.9633
0.8367,0.9677
0.8367,0.9722
0.8327,0.9721
0.8287,0.9720
0.8207,0.9717
0.8167,0.9716
0.8167,0.9762
0.8127,0.9761
0.8088,0.9760
0.8048,0.9758
0.8008,0.9757
0.7968,0.9756
0.7928,0.9755
0.7888,0.9754
0.7888,0.9802
0.7888,0.9851
0.7849,0.9850
0.7809,0.9849
0.7769,0.9848
0.7769,0.9898
0.7689,0.9897
0.7649,0.9897
0.7610,0.9896
0.7570,0.9896
0.7530,0.9895
0.7450,0.9894
0.7371,0.9893
0.7331,0.9892
0.7251,0.9891
0.7211,0.9891
0.7171,0.9890
0.7131,0.9890
0.7052,0.9888
0.7012,0.9888
0.6932,0.9886
0.6932,0.9943
0.6853,0.9942
0.6813,0.9942
0.6773,0.9942
0.6733,0.9941
0.6693,0.9941
0.6653,0.9940
0.6614,0.9940
0.6534,0.9939
0.6454,0.9939
0.6375,0.9938
0.6295,0.9937
0.6215,0.9936
0.6135,0.9935
0.6056,0.9935
0.5976,0.9934
0.5936,0.9933
0.5857,0.9932
0.5777,0.9932
0.5697,0.9931
0.5618,0.9930
0.5538,0.9929
0.5458,0.9928
0.5378,0.9926
0.5299,0.9925
0.5219,0.9924
0.5139,0.9923
0.5060,0.9922
0.5020,0.9921
0.4940,0.9920
0.4900,0.9919
0.4821,0.9918
0.4781,0.9917
0.4741,0.9917
0.4661,0.9915
0.4582,0.9914
0.4502,0.9912
0.4462,0.9912
0.4382,0.9910
0.4303,0.9908
0.4223,0.9907
0.4143,0.9905
0.4064,0.9903
0.3984,0.9901
0.3984,1.0000
0.3904,1.0000
0.3825,1.0000
0.3745,1.0000
0.3665,1.0000
0.3586,1.0000
0.3506,1.0000
0.3426,1.0000
0.3347,1.0000
0.3267,1.0000
0.3187,1.0000
0.3108,1.0000
0.3028,1.0000
0.2948,1.0000
0.2869,1.0000
0.2789,1.0000
0.2709,1.0000
0.2629,1.0000
0.2550,1.0000
0.2470,1.0000
0.2390,1.0000
0.2311,1.0000
0.2231,1.0000
0.2151,1.0000
0.2072,1.0000
0.1992,1.0000
0.1912,1.0000
0.1833,1.0000
0.1753,1.0000
0.1673,1.0000
0.1594,1.0000
0.1514,1.0000
0.1434,1.0000
0.1355,1.0000
0.1275,1.0000
0.1195,1.0000
0.1116,1.0000
0.1076,1.0000
0.0956,1.0000
0.0876,1.0000
0.0797,1.0000
0.0717,1.0000
0.0637,1.0000
0.0558,1.0000
0.0478,1.0000
0.0398,1.0000
0.0319,1.0000
0.0239,1.0000
0.0159,1.0000
0.0080,1.0000
0.0000,1.0000
